Workbook

Sheet 🏆 Identity Setup
B2: ⚡ STOP WASTING TIME — ATOMIC HABIT TRACKER
B3: Identity-Based System | Cue → Craving → Response → Reward
B5: STEP 1 — WHO DO YOU WANT TO BECOME?
B6: Write your identity statement. Not what you want to DO — who you want to BE.
B8: I am someone who... | D8: ← Type your answer here
B10: My core values are... | D10: ← Type your answer here
B12: In 12 months, I will be known for... | D12: ← Type your answer here
B14: STEP 2 — THE 4 LAWS OF BEHAVIOUR CHANGE (Your Cheat Sheet)
B16: LAW 1 | C16: MAKE IT OBVIOUS | E16: Remove phone from sight | Set out workout gear | Put book on pillow
B18: LAW 2 | C18: MAKE IT ATTRACTIVE | E18: Pair habit with reward | Join accountability group | Temptation bundle
B20: LAW 3 | C20: MAKE IT EASY | E20: 2-minute rule | Reduce friction | Pre-decide next action
B22: LAW 4 | C22: MAKE IT SATISFYING | E22: Habit tracker | Never miss twice | Immediate small reward
B23: STEP 3 — DEFINE YOUR 10 HABITS (Edit these — they sync across all sheets)
B24: # | C24: HABIT NAME | D24: CUE (What triggers it) | E24: CRAVING (Why you want it) | F24: CATEGORY | G24: LAW
B25: 1 | C25: Wake Up Early (6am) | D25: Alarm goes off | E25: Start day with momentum | F25: Morning | G25: L1
B26: 2 | C26: Morning Meditation | D26: After wake up | E26: Reduce stress | F26: Deep Work | G26: L2
B27: 3 | C27: Deep Work Block (90 min) | D27: After morning routine | E27: Feel strong and healthy | F27: Health | G27: L3
B28: 4 | C28: No Social Media Before 10am | D28: After deep work block | E28: Build expertise | F28: Mental | G28: L4
B29: 5 | C29: Exercise / Move Body | D29: After lunch | E29: Feel connected | F29: Social | G29: L1
B30: 6 | C30: Read 20 Pages | D30: Before 10am | E30: Protect focus | F30: Digital | G30: L1
B31: 7 | C31: Healthy Meal / No Junk | D31: After work | E31: Build physical strength | F31: Physical | G31: L3
B32: 8 | C32: Evening Shutdown Ritual | D32: After dinner | E32: End day clean | F32: Evening | G32: L4
B33: 9 | C33: Journaling | D33: Before bed | E33: Grow mentally | F33: Learning | G33: L2
B34: 10 | C34: Drink 8 Glasses of Water | D34: Every meal | E34: Stay energised | F34: Hydration | G34: L3
B36: ⚠ Edit HABIT NAME in column C rows 25–34 — all other sheets will reference these automatically.

Sheet 📅 Daily Tracker
B1: 📅 DAILY HABIT TRACKER
B2: MONTH: | E2: June | H2: YEAR: | J2: 2026
B3: HABIT | C3: 1 | D3: 2 | E3: 3 | F3: 4 | G3: 5 | H3: 6 | I3: 7 | J3: 8 | K3: 9 | L3: 10 | M3: 11 | N3: 12 | O3: 13 | P3: 14 | Q3: 15 | R3: 16 | S3: 17 | T3: 18 | U3: 19 | V3: 20 | W3: 21 | X3: 22 | Y3: 23 | Z3: 24 | AA3: 25 | AB3: 26 | AC3: 27 | AD3: 28 | AE3: 29 | AF3: 30 | AG3: 31 | AH3: TOTAL | AI3: GOAL | AJ3: % DONE
B4: ='🏆 Identity Setup'!C25 -> Wake Up Early (6am) | AH4: =COUNTIF(C4:AG4,"✓") -> 0 | AI4: 25 | AJ4: =IF(AI4>0,AH4/AI4,0) -> 0
B5: ='🏆 Identity Setup'!C26 -> Morning Meditation | AH5: =COUNTIF(C5:AG5,"✓") -> 0 | AI5: 25 | AJ5: =IF(AI5>0,AH5/AI5,0) -> 0
B6: ='🏆 Identity Setup'!C27 -> Deep Work Block (90 min) | AH6: =COUNTIF(C6:AG6,"✓") -> 0 | AI6: 25 | AJ6: =IF(AI6>0,AH6/AI6,0) -> 0
B7: ='🏆 Identity Setup'!C28 -> No Social Media Before 10am | AH7: =COUNTIF(C7:AG7,"✓") -> 0 | AI7: 25 | AJ7: =IF(AI7>0,AH7/AI7,0) -> 0
B8: ='🏆 Identity Setup'!C29 -> Exercise / Move Body | AH8: =COUNTIF(C8:AG8,"✓") -> 0 | AI8: 25 | AJ8: =IF(AI8>0,AH8/AI8,0) -> 0
B9: ='🏆 Identity Setup'!C30 -> Read 20 Pages | AH9: =COUNTIF(C9:AG9,"✓") -> 0 | AI9: 25 | AJ9: =IF(AI9>0,AH9/AI9,0) -> 0
B10: ='🏆 Identity Setup'!C31 -> Healthy Meal / No Junk | AH10: =COUNTIF(C10:AG10,"✓") -> 0 | AI10: 25 | AJ10: =IF(AI10>0,AH10/AI10,0) -> 0
B11: ='🏆 Identity Setup'!C32 -> Evening Shutdown Ritual | AH11: =COUNTIF(C11:AG11,"✓") -> 0 | AI11: 25 | AJ11: =IF(AI11>0,AH11/AI11,0) -> 0
B12: ='🏆 Identity Setup'!C33 -> Journaling | AH12: =COUNTIF(C12:AG12,"✓") -> 0 | AI12: 25 | AJ12: =IF(AI12>0,AH12/AI12,0) -> 0
B13: ='🏆 Identity Setup'!C34 -> Drink 8 Glasses of Water | AH13: =COUNTIF(C13:AG13,"✓") -> 0 | AI13: 25 | AJ13: =IF(AI13>0,AH13/AI13,0) -> 0
B14: DAILY TOTAL | C14: =COUNTIF(C4:C13,"✓") -> 0 | D14: =COUNTIF(D4:D13,"✓") -> 0 | E14: =COUNTIF(E4:E13,"✓") -> 0 | F14: =COUNTIF(F4:F13,"✓") -> 0 | G14: =COUNTIF(G4:G13,"✓") -> 0 | H14: =COUNTIF(H4:H13,"✓") -> 0 | I14: =COUNTIF(I4:I13,"✓") -> 0 | J14: =COUNTIF(J4:J13,"✓") -> 0 | ... AG14: =COUNTIF(AG4:AG13,"✓") -> 0 | AH14: =SUM(AH4:AH13) -> 0
B16: HOW TO USE: Type ✓ in each cell when habit is completed for that day | Goal = days per month you aim to complete | Green = done | Edit GOAL column to match your targets

Sheet 📊 Weekly Review
B1: 📊 WEEKLY REVIEW — ATOMIC PROGRESS TRACKER
B2: HABIT | C2: WEEK 1 | D2: WEEK 2 | E2: WEEK 3 | F2: WEEK 4 | G2: WEEK 5 | H2: MONTH TOTAL | I2: GOAL | J2: % HIT | K2: STATUS
B3: ='🏆 Identity Setup'!C25 -> Wake Up Early (6am) | C3: 0 | D3: 0 | E3: 0 | F3: 0 | G3: 0 | H3: =C3+D3+E3+F3+G3 -> 0 | I3: 24 | J3: =IF(I3>0,H3/I3,0) -> 0 | K3: =IF(J3>=0.8,"🏆 ON TRACK",IF(J3>=0.5,"⚡ BUILDING","🔴 NEEDS WORK")) -> 🔴 NEEDS WORK
B4: ='🏆 Identity Setup'!C26 -> Morning Meditation | C4: 0 | D4: 0 | E4: 0 | F4: 0 | G4: 0 | H4: =C4+D4+E4+F4+G4 -> 0 | I4: 24 | J4: =IF(I4>0,H4/I4,0) -> 0 | K4: =IF(J4>=0.8,"🏆 ON TRACK",IF(J4>=0.5,"⚡ BUILDING","🔴 NEEDS WORK")) -> 🔴 NEEDS WORK
B5: ='🏆 Identity Setup'!C27 -> Deep Work Block (90 min) | C5: 0 | D5: 0 | E5: 0 | F5: 0 | G5: 0 | H5: =C5+D5+E5+F5+G5 -> 0 | I5: 28 | J5: =IF(I5>0,H5/I5,0) -> 0 | K5: =IF(J5>=0.8,"🏆 ON TRACK",IF(J5>=0.5,"⚡ BUILDING","🔴 NEEDS WORK")) -> 🔴 NEEDS WORK
B6: ='🏆 Identity Setup'!C28 -> No Social Media Before 10am | C6: 0 | D6: 0 | E6: 0 | F6: 0 | G6: 0 | H6: =C6+D6+E6+F6+G6 -> 0 | I6: 24 | J6: =IF(I6>0,H6/I6,0) -> 0 | K6: =IF(J6>=0.8,"🏆 ON TRACK",IF(J6>=0.5,"⚡ BUILDING","🔴 NEEDS WORK")) -> 🔴 NEEDS WORK
B7: ='🏆 Identity Setup'!C29 -> Exercise / Move Body | C7: 0 | D7: 0 | E7: 0 | F7: 0 | G7: 0 | H7: =C7+D7+E7+F7+G7 -> 0 | I7: 28 | J7: =IF(I7>0,H7/I7,0) -> 0 | K7: =IF(J7>=0.8,"🏆 ON TRACK",IF(J7>=0.5,"⚡ BUILDING","🔴 NEEDS WORK")) -> 🔴 NEEDS WORK
B8: ='🏆 Identity Setup'!C30 -> Read 20 Pages | C8: 0 | D8: 0 | E8: 0 | F8: 0 | G8: 0 | H8: =C8+D8+E8+F8+G8 -> 0 | I8: 28 | J8: =IF(I8>0,H8/I8,0) -> 0 | K8: =IF(J8>=0.8,"🏆 ON TRACK",IF(J8>=0.5,"⚡ BUILDING","🔴 NEEDS WORK")) -> 🔴 NEEDS WORK
B9: ='🏆 Identity Setup'!C31 -> Healthy Meal / No Junk | C9: 0 | D9: 0 | E9: 0 | F9: 0 | G9: 0 | H9: =C9+D9+E9+F9+G9 -> 0 | I9: 24 | J9: =IF(I9>0,H9/I9,0) -> 0 | K9: =IF(J9>=0.8,"🏆 ON TRACK",IF(J9>=0.5,"⚡ BUILDING","🔴 NEEDS WORK")) -> 🔴 NEEDS WORK
B10: ='🏆 Identity Setup'!C32 -> Evening Shutdown Ritual | C10: 0 | D10: 0 | E10: 0 | F10: 0 | G10: 0 | H10: =C10+D10+E10+F10+G10 -> 0 | I10: 24 | J10: =IF(I10>0,H10/I10,0) -> 0 | K10: =IF(J10>=0.8,"🏆 ON TRACK",IF(J10>=0.5,"⚡ BUILDING","🔴 NEEDS WORK")) -> 🔴 NEEDS WORK
B11: ='🏆 Identity Setup'!C33 -> Journaling | C11: 0 | D11: 0 | E11: 0 | F11: 0 | G11: 0 | H11: =C11+D11+E11+F11+G11 -> 0 | I11: 24 | J11: =IF(I11>0,H11/I11,0) -> 0 | K11: =IF(J11>=0.8,"🏆 ON TRACK",IF(J11>=0.5,"⚡ BUILDING","🔴 NEEDS WORK")) -> 🔴 NEEDS WORK
B12: ='🏆 Identity Setup'!C34 -> Drink 8 Glasses of Water | C12: 0 | D12: 0 | E12: 0 | F12: 0 | G12: 0 | H12: =C12+D12+E12+F12+G12 -> 0 | I12: 28 | J12: =IF(I12>0,H12/I12,0) -> 0 | K12: =IF(J12>=0.8,"🏆 ON TRACK",IF(J12>=0.5,"⚡ BUILDING","🔴 NEEDS WORK")) -> 🔴 NEEDS WORK
B13: WEEKLY TOTAL | C13: =SUM(C3:C12) -> 0 | D13: =SUM(D3:D12) -> 0 | E13: =SUM(E3:E12) -> 0 | F13: =SUM(F3:F12) -> 0 | G13: =SUM(G3:G12) -> 0 | H13: =SUM(H3:H12) -> 0
B15: WEEKLY REFLECTION JOURNAL
B16: What did I actually complete this week?
B17: ← Write your answer here
B18: Which habit needs the most attention?
B19: ← Write your answer here
B20: What cue or trigger caused me to miss?
B21: ← Write your answer here
B22: What environmental change will I make next week?
B23: ← Write your answer here
B24: What is my MIT (Most Important Task) for Monday?
B25: ← Write your answer here
B26: Did I follow my chronotype? (Y/N)
B27: ← Write your answer here

Sheet 📈 Monthly Dashboard
B1: 📈 MONTHLY PROGRESS DASHBOARD
B2: TOTAL HABITS COMPLETED | E2: BEST HABIT (Most ✓ Days) | H2: OVERALL COMPLETION | K2: STREAK TARGET (Days All 10)
B5: HABIT COMPLETION BY MONTH (Enter monthly totals — chart updates automatically)
B6: HABIT | C6: Jan | D6: Feb | E6: Mar | F6: Apr | G6: May | H6: Jun | I6: Jul | J6: Aug | K6: Sep | L6: Oct | M6: Nov | N6: Dec | P6: Month | Q6: Avg Completion %
B7: ='🏆 Identity Setup'!C25 -> Wake Up Early (6am) | C7: 18 | D7: 22 | E7: 25 | F7: 20 | G7: 28 | H7: 24 | I7: 0 | J7: 0 | K7: 0 | L7: 0 | M7: 0 | N7: 0 | P7: Jan | Q7: 0.581
B8: ='🏆 Identity Setup'!C26 -> Morning Meditation | C8: 15 | D8: 18 | E8: 20 | F8: 22 | G8: 25 | H8: 23 | I8: 0 | J8: 0 | K8: 0 | L8: 0 | M8: 0 | N8: 0 | P8: Feb | Q8: 0.684
B9: ='🏆 Identity Setup'!C27 -> Deep Work Block (90 min) | C9: 20 | D9: 24 | E9: 26 | F9: 28 | G9: 30 | H9: 27 | I9: 0 | J9: 0 | K9: 0 | L9: 0 | M9: 0 | N9: 0 | P9: Mar | Q9: 0.752
B10: ='🏆 Identity Setup'!C28 -> No Social Media Before 10am | C10: 12 | D10: 16 | E10: 19 | F10: 21 | G10: 24 | H10: 22 | I10: 0 | J10: 0 | K10: 0 | L10: 0 | M10: 0 | N10: 0 | P10: Apr | Q10: 0.787
B11: ='🏆 Identity Setup'!C29 -> Exercise / Move Body | C11: 22 | D11: 25 | E11: 27 | F11: 26 | G11: 28 | H11: 25 | I11: 0 | J11: 0 | K11: 0 | L11: 0 | M11: 0 | N11: 0 | P11: May | Q11: 0.877
B12: ='🏆 Identity Setup'!C30 -> Read 20 Pages | C12: 16 | D12: 20 | E12: 22 | F12: 25 | G12: 27 | H12: 24 | I12: 0 | J12: 0 | K12: 0 | L12: 0 | M12: 0 | N12: 0 | P12: Jun | Q12: 0.797
B13: ='🏆 Identity Setup'!C31 -> Healthy Meal / No Junk | C13: 18 | D13: 21 | E13: 23 | F13: 26 | G13: 28 | H13: 26 | I13: 0 | J13: 0 | K13: 0 | L13: 0 | M13: 0 | N13: 0
B14: ='🏆 Identity Setup'!C32 -> Evening Shutdown Ritual | C14: 20 | D14: 22 | E14: 24 | F14: 25 | G14: 27 | H14: 25 | I14: 0 | J14: 0 | K14: 0 | L14: 0 | M14: 0 | N14: 0
B15: ='🏆 Identity Setup'!C33 -> Journaling | C15: 14 | D15: 17 | E15: 19 | F15: 22 | G15: 25 | H15: 23 | I15: 0 | J15: 0 | K15: 0 | L15: 0 | M15: 0 | N15: 0
B16: ='🏆 Identity Setup'!C34 -> Drink 8 Glasses of Water | C16: 25 | D16: 27 | E16: 28 | F16: 29 | G16: 30 | H16: 28 | I16: 0 | J16: 0 | K16: 0 | L16: 0 | M16: 0 | N16: 0

Sheet 🗺 12-Month Roadmap
B1: 🗺 12-MONTH ATOMIC HABIT ROADMAP — 80% → 5% Distraction
B2: QUARTER | C2: MONTHS | D2: FOCUS AREAS | E2: DAILY ACTIONS | F2: TARGET | G2: STATUS
B3: Q1 | C3: 1–3 | D3: Digital Traps + Morning Lock | E3: Delete 1 app/month | No phone first 60 min | Grayscale mode | 3x/day phone checks only | F3: 80% → 55% | G3: 🔄 In Progress
B5: Q2 | C5: 4–6 | D5: Fake Productivity + Decision Systems | E5: Freeze tools 90 days | MIT before email | Standardize breakfast/clothes | No email before 10am | F5: 55% → 35% | G5: ⏳ Upcoming
B7: Q3 | C7: 7–9 | D7: Emotional Drains + Work Execution | E7: Implementation intentions | 90-min single-task blocks | Shutdown ritual | No meetings without agenda | F7: 35% → 18% | G7: ⏳ Upcoming
B9: Q4 | C9: 10–12 | D9: Transition Control + Identity Lock | E9: Pre-write next task | Weekly review locked | Identity statement daily | Relapse protocol practiced | F9: 18% → 5% | G9: ⏳ Upcoming
B12: ⚡ THE ONE RULE: Never let the environment make the decision for you. Design the environment. The behaviour follows automatically.

Sheet 🔥 Habit Score
B1: 🔥 HABIT SCORE CARD — How Consistent Are You?
B2: HABIT | C2: JAN | D2: FEB | E2: MAR | F2: APR | G2: MAY | H2: JUN | I2: AVG % | J2: GRADE
B3: ='🏆 Identity Setup'!C25 -> Wake Up Early (6am) | C3: 0.58 | D3: 0.71 | E3: 0.81 | F3: 0.65 | G3: 0.9 | H3: 0.77 | I3: =AVERAGE(C3:H3) -> 0.73666667 | J3: =IF(I3>=0.9,"S — ELITE",IF(I3>=0.75,"A — STRONG",IF(I3>=0.6,"B — BUILDING",IF(I3>=0.45,"C — INCONSISTENT","D — RESTART")))) -> B — BUILDING
B4: ='🏆 Identity Setup'!C26 -> Morning Meditation | C4: 0.48 | D4: 0.58 | E4: 0.65 | F4: 0.71 | G4: 0.81 | H4: 0.74 | I4: =AVERAGE(C4:H4) -> 0.66166667 | J4: =IF(I4>=0.9,"S — ELITE",IF(I4>=0.75,"A — STRONG",IF(I4>=0.6,"B — BUILDING",IF(I4>=0.45,"C — INCONSISTENT","D — RESTART")))) -> B — BUILDING
B5: ='🏆 Identity Setup'!C27 -> Deep Work Block (90 min) | C5: 0.65 | D5: 0.77 | E5: 0.84 | F5: 0.9 | G5: 0.97 | H5: 0.87 | I5: =AVERAGE(C5:H5) -> 0.83333333 | J5: =IF(I5>=0.9,"S — ELITE",IF(I5>=0.75,"A — STRONG",IF(I5>=0.6,"B — BUILDING",IF(I5>=0.45,"C — INCONSISTENT","D — RESTART")))) -> A — STRONG
B6: ='🏆 Identity Setup'!C28 -> No Social Media Before 10am | C6: 0.39 | D6: 0.52 | E6: 0.61 | F6: 0.68 | G6: 0.77 | H6: 0.71 | I6: =AVERAGE(C6:H6) -> 0.61333333 | J6: =IF(I6>=0.9,"S — ELITE",IF(I6>=0.75,"A — STRONG",IF(I6>=0.6,"B — BUILDING",IF(I6>=0.45,"C — INCONSISTENT","D — RESTART")))) -> B — BUILDING
B7: ='🏆 Identity Setup'!C29 -> Exercise / Move Body | C7: 0.71 | D7: 0.81 | E7: 0.87 | F7: 0.84 | G7: 0.9 | H7: 0.81 | I7: =AVERAGE(C7:H7) -> 0.82333333 | J7: =IF(I7>=0.9,"S — ELITE",IF(I7>=0.75,"A — STRONG",IF(I7>=0.6,"B — BUILDING",IF(I7>=0.45,"C — INCONSISTENT","D — RESTART")))) -> A — STRONG
B8: ='🏆 Identity Setup'!C30 -> Read 20 Pages | C8: 0.52 | D8: 0.65 | E8: 0.71 | F8: 0.81 | G8: 0.87 | H8: 0.77 | I8: =AVERAGE(C8:H8) -> 0.72166667 | J8: =IF(I8>=0.9,"S — ELITE",IF(I8>=0.75,"A — STRONG",IF(I8>=0.6,"B — BUILDING",IF(I8>=0.45,"C — INCONSISTENT","D — RESTART")))) -> B — BUILDING
B9: ='🏆 Identity Setup'!C31 -> Healthy Meal / No Junk | C9: 0.58 | D9: 0.68 | E9: 0.74 | F9: 0.84 | G9: 0.9 | H9: 0.84 | I9: =AVERAGE(C9:H9) -> 0.76333333 | J9: =IF(I9>=0.9,"S — ELITE",IF(I9>=0.75,"A — STRONG",IF(I9>=0.6,"B — BUILDING",IF(I9>=0.45,"C — INCONSISTENT","D — RESTART")))) -> A — STRONG
B10: ='🏆 Identity Setup'!C32 -> Evening Shutdown Ritual | C10: 0.65 | D10: 0.71 | E10: 0.77 | F10: 0.81 | G10: 0.87 | H10: 0.81 | I10: =AVERAGE(C10:H10) -> 0.77 | J10: =IF(I10>=0.9,"S — ELITE",IF(I10>=0.75,"A — STRONG",IF(I10>=0.6,"B — BUILDING",IF(I10>=0.45,"C — INCONSISTENT","D — RESTART")))) -> A — STRONG
B11: ='🏆 Identity Setup'!C33 -> Journaling | C11: 0.45 | D11: 0.55 | E11: 0.61 | F11: 0.71 | G11: 0.81 | H11: 0.74 | I11: =AVERAGE(C11:H11) -> 0.645 | J11: =IF(I11>=0.9,"S — ELITE",IF(I11>=0.75,"A — STRONG",IF(I11>=0.6,"B — BUILDING",IF(I11>=0.45,"C — INCONSISTENT","D — RESTART")))) -> B — BUILDING
B12: ='🏆 Identity Setup'!C34 -> Drink 8 Glasses of Water | C12: 0.81 | D12: 0.87 | E12: 0.9 | F12: 0.94 | G12: 0.97 | H12: 0.9 | I12: =AVERAGE(C12:H12) -> 0.89833333 | J12: =IF(I12>=0.9,"S — ELITE",IF(I12>=0.75,"A — STRONG",IF(I12>=0.6,"B — BUILDING",IF(I12>=0.45,"C — INCONSISTENT","D — RESTART")))) -> A — STRONG
B14: GRADE SCALE: S (≥90%) = ELITE | A (≥75%) = STRONG | B (≥60%) = BUILDING | C (≥45%) = INCONSISTENT | D (<45%) = RESTART
